{
  "name": "devextreme-aspnet-data",
  "description": "DevExtreme data layer extension for ASP.NET",
  "authors": [
    "Developer Express Inc."
  ],
  "license": "MIT",
  "ignore": [
    "*",
    "!LICENSE",
    "!js/*"
  ],
  "main": [
    "js/dx.aspnet.data.js"
  ],
  "homepage": "https://github.com/DevExpress/DevExtreme.AspNet.Data",
  "version": "1.4.7",
  "_release": "1.4.7",
  "_resolution": {
    "type": "version",
    "tag": "1.4.7",
    "commit": "d710a94edc14e901f27e8afeb20bf9025eed2732"
  },
  "_source": "https://github.com/DevExpress/DevExtreme.AspNet.Data.git",
  "_target": "~1",
  "_originalSource": "devextreme-aspnet-data"
}